<?xml version="1.0" encoding="utf-8"?>
<VisualState xmlns:xsi="http://www.w3.org/2001/XMLSchema-instance" xmlns:xsd="http://www.w3.org/2001/XMLSchema" ShowCheckBoxes="false">
  <TopNode>[0-1000]D:\manjusha\NunitTestProject.nunit</TopNode>
  <SelectedNode>[0-1000]D:\manjusha\NunitTestProject.nunit</SelectedNode>
  <ExcludeCategories>false</ExcludeCategories>
  <Nodes>
    <Node UniqueName="[0-1000]D:\manjusha\NunitTestProject.nunit" Expanded="true" />
    <Node UniqueName="[0-1003]D:\manjusha\DevelopperToolsAssignment\DevelopperToolsAssignment\TestDemo1\bin\Debug\TestDemo1.dll" Expanded="true" />
    <Node UniqueName="[0-1004]TestDemo1" Expanded="true" />
    <Node UniqueName="[0-1001]TestDemo1.TestClass" Expanded="true" />
  </Nodes>
</VisualState>