<SOAP-ENV:Envelope xmlns:xsi="http://www.w3.org/2001/XMLSchema-instance" xmlns:xsd="http://www.w3.org/2001/XMLSchema" xmlns:SOAP-ENC="http://schemas.xmlsoap.org/soap/encoding/" xmlns:SOAP-ENV="http://schemas.xmlsoap.org/soap/envelope/" xmlns:clr="http://schemas.microsoft.com/soap/encoding/clr/1.0" SOAP-ENV:encodingStyle="http://schemas.xmlsoap.org/soap/encoding/">
<SOAP-ENV:Body>
<a1:Customer id="ref-1" xmlns:a1="http://schemas.microsoft.com/clr/nsassem/File_Io_Serialization_DeSerialization/File_Io_Serialization_DeSerialization%2C%20Version%3D1.0.0.0%2C%20Culture%3Dneutral%2C%20PublicKeyToken%3Dnull">
<cid>123</cid>
<name id="ref-3">manjusha</name>
<address id="ref-4">krishna nagar</address>
</a1:Customer>
</SOAP-ENV:Body>
</SOAP-ENV:Envelope>
